{
    "$schema": "https://go.kicad.org/pcm/schemas/v1",
    "name": "SparkFun KiCad Libraries",
    "description": "SparkFun's Libraries for KiCad 7 / 8 / 9",
    "description_full": "This library contains SparkFun's commonly used parts.\nIt is a cultivated combination of KiCad stock parts, SparkFun-unique footprints, and open-source 3D models.\n\nCheck your settings in Preferences -> Packages and Updates.\nIf you have the default Library nickname prefix 'PCM_', you can proceed to install the libraries through the PCM.\nIf you don't want that prefix, leave that field blank and install the libraries from zip file instead.\nThe installation link below has more details.",
    "identifier": "com.github.sparkfun.SparkFun-KiCad-Libraries",
    "type": "library",
    "license": "CC-BY-4.0",
    "resources": {
        "homepage": "https://github.com/sparkfun/SparkFun-KiCad-Libraries",
        "installation": "https://github.com/sparkfun/SparkFun-KiCad-Libraries#installing-and-using-these-libraries"
    },
    "author": {
        "name": "SparkFun",
        "contact": {
            "github": "https://github.com/sparkfun",
            "web": "https://sparkfun.com",
            "twitter": "https://twitter.com/sparkfun"
        }
    },    
    "maintainer": {
        "name": "SparkFun",
        "contact": {
            "github": "https://github.com/sparkfun",
            "web": "https://sparkfun.com",
            "twitter": "https://twitter.com/sparkfun"
        }
    },
    "versions": [
        {
            "version": "9.0.0",
            "status": "stable",
            "kicad_version": "7.0"
        }
    ]
}